{
  "image_width": 1920,
  "image_height": 1200,
  "translation": {
    "x": -473.294,
    "y": 114.172,
    "z": 8.034
  },
  "rotation": {
    "roll": 1,
    "pitch": 12.7,
    "yaw": -25.72
  },
  "rotation_matrix": [
    [
      0.16281282,
      0.21592079,
      -0.96274098
    ],
    [
      0.98651019,
      -0.05245554,
      0.15506795
    ],
    [
      -0.0170187,
      -0.97500083,
      -0.2215485
    ]
  ],
  "intrinsic_matrix": [
    [
      2788.86072,
      0,
      907.839058
    ],
    [
      0,
      2783.31261,
      589.071478
    ],
    [
      0,
      0,
      1
    ]
  ],
  "extrinsic_matrix": [
    [
      0.16281282,
      0.98651019,
      -0.0170187,
      -59.5094598
    ],
    [
      0.21592079,
      -0.05245554,
      -0.97500083,
      -90.9916911
    ],
    [
      -0.96274098,
      0.15506795,
      -0.2215485,
      443.08019
    ]
  ],
  "projection_matrix": [
    [
      -4.19951586e+02,
      2.89201626e+03,
      -2.48593165e+02,
      2.36281908e+05
    ],
    [
      3.38518055e+01,
      -5.46540594e+01,
      -2.84424001e+03,
      7.74758133e+03
    ],
    [
      -9.62740980e-01,
      1.55067950e-01,
      -2.21548500e-01,
      4.43080190e+02
    ]
  ]
}
