{
  "image_width": 1920,
  "image_height": 1200,
  "translation": {
    "x": -473.294,
    "y": 114.172,
    "z": 8.034
  },
  "rotation": {
    "roll": 1,
    "pitch": 12.7,
    "yaw": -25.72
  },
  "rotation_matrix": [
    [
      0.16281282,
      0.21592079,
      -0.96274098
    ],
    [
      0.98651019,
      -0.05245554,
      0.15506795
    ],
    [
      -0.0170187,
      -0.97500083,
      -0.2215485
    ]
  ],
  "intrinsic_matrix": [
    [
      2788.86072,
      0,
      907.839058
    ],
    [
      0,
      2783.31261,
      589.071478
    ],
    [
      0,
      0,
      1
    ]
  ],
  "extrinsic_matrix": [
    [
      0.16281282,
      0.98651019,
      -0.0170187,
      -59.5094598
    ],
    [
      0.21592079,
      -0.05245554,
      -0.97500083,
      -90.9916911
    ],
    [
      -0.96274098,
      0.15506795,
      -0.2215485,
      443.08019
    ]
  ],
  "projection_matrix": [
    [
      -416.844941,
      2892.59647,
      -247.06652,
      235051.435
    ],
    [
      28.8849541,
      -53.8999902,
      -2844.3092,
      8880.6336
    ],
    [
      -0.96293102,
      0.15630576,
      -0.2198462,
      443.097864
    ]
  ]
}
