{
  "image_width": 1920,
  "image_height": 1200,
  "translation": {
    "x": -447.109,
    "y": 113.844,
    "z": 8.25
  },
  "rotation": {
    "roll": -0.23,
    "pitch": 3.22,
    "yaw": -20.88
  },
  "rotation_matrix": [
    [
      0.0754789063,
      0.0562727716,
      -0.995558291
    ],
    [
      0.997141308,
      -0.000769991457,
      0.0755554009
    ],
    [
      0.00348514044,
      -0.998415135,
      -0.0561700232
    ]
  ],
  "intrinsic_matrix": [
    [
      9023.48282,
      0,
      1222.3143
    ],
    [
      0,
      9014.50436,
      557.541182
    ],
    [
      0,
      0,
      1
    ]
  ],
  "extrinsic_matrix": [
    [
      0.0754789063,
      0.997141308,
      0.00348514044,
      -20.6169874
    ],
    [
      0.0562727716,
      -0.000769991457,
      -0.998415135,
      -17.9818775
    ],
    [
      -0.995558291,
      0.0755554009,
      -0.0561700232,
      465.221911
    ]
  ],
  "projection_matrix": [
    [
      -535.802521,
      9090.03991,
      -37.2093177,
      382610.364
    ],
    [
      -47.7936014,
      35.1841562,
      -9031.53469,
      97282.6614
    ],
    [
      -0.995558291,
      0.0755554009,
      -0.0561700232,
      465.221911
    ]
  ]
}
