{
  "image_width": 1920,
  "image_height": 1200,
  "translation": {
    "x": -0.5317,
    "y": -22.351,
    "z": 8.3375
  },
  "rotation": {
    "roll": 0.5,
    "pitch": 3.35,
    "yaw": 167.85
  },
  "rotation_matrix": [
    [
      0.07011563,
      -0.05890341,
      0.99579827
    ],
    [
      -0.99750083,
      0.0045778,
      0.0705063
    ],
    [
      -0.00871162,
      -0.99825319,
      -0.05843522
    ]
  ],
  "intrinsic_matrix": [
    [
      8878.5797,
      0,
      584.217565
    ],
    [
      0,
      8811.72402,
      465.520403
    ],
    [
      0,
      0,
      1
    ]
  ],
  "extrinsic_matrix": [
    [
      0.07011563,
      -0.99750083,
      -0.00871162,
      -5.17308492
    ],
    [
      -0.05890341,
      0.0045778,
      -0.99825319,
      8.2944742
    ],
    [
      0.99579827,
      0.0705063,
      -0.05843522,
      0.0441625452
    ]
  ],
  "projection_matrix": [
    [
      1250.42963,
      -8808.77311,
      -111.485694,
      -45896.5209
    ],
    [
      -55.8584708,
      72.8689486,
      -8823.5344,
      73990.3221
    ],
    [
      0.99541545,
      0.0757193,
      -0.05843522,
      0.077429189
    ]
  ]
}
