{
  "image_width": 1920,
  "image_height": 1200,
  "translation": {
    "x": -0.5118,
    "y": -22.941,
    "z": 8.0336
  },
  "rotation": {
    "roll": 0.5,
    "pitch": 11.2,
    "yaw": 163.82
  },
  "rotation_matrix": [
    [
      -0.000667942916,
      -0.194233505,
      0.980955096
    ],
    [
      -0.999986586,
      0.00516816386,
      0.00034241794
    ],
    [
      -0.00513624571,
      -0.980941709,
      -0.194234351
    ]
  ],
  "intrinsic_matrix": [
    [
      2820.46004,
      0,
      960.667182
    ],
    [
      0,
      2816.22151,
      525.863289
    ],
    [
      0,
      0,
      1
    ]
  ],
  "extrinsic_matrix": [
    [
      -0.000667942916,
      -0.999986586,
      -0.00513624571,
      -5.54729606
    ],
    [
      -0.194233505,
      0.00516816386,
      -0.980941709,
      8.46243832
    ],
    [
      0.980955096,
      0.00034241794,
      -0.194234351,
      0.828553587
    ]
  ],
  "projection_matrix": [
    [
      953.327898,
      -2815.07218,
      -210.738663,
      -15398.3725
    ],
    [
      -31.2745828,
      24.4015771,
      -2864.62252,
      23180.4175
    ],
    [
      0.98093986,
      0.00547866,
      -0.19423435,
      0.780686139
    ]
  ]
}
