{
  "projection_matrix_into_s110_camera_basler_south1_8mm": [
    [
      290.06440167,
      -1522.65885503,
      -417.08293461,
      -398.03125035
    ],
    [
      -88.96283956,
      6.86258619,
      -1451.78013497,
      454.22071755
    ],
    [
      0.81846385,
      -0.32818492,
      -0.47160557,
      -0.18257704
    ]
  ],
  "projection_matrix_into_s110_camera_basler_south2_8mm": [
    [
      1161.31458077,
      -924.69682001,
      -683.10218907,
      7100.99644437
    ],
    [
      -483.47204766,
      -185.39908701,
      -1392.69109449,
      3296.97587431
    ],
    [
      0.66547715,
      0.29422716,
      -0.68598179,
      -10.41279473
    ]
  ],
  "transformation_matrix_into_s110_base": [
    [
      -0.06821837,
      -0.99735900,
      0.02492560,
      -2.02963586
    ],
    [
      0.99751775,
      -0.06774959,
      0.01919179,
      0.56416412
    ],
    [
      -0.01745241,
      0.02617296,
      0.99950507,
      7.00000000
    ],
    [
      0.00000000,
      0.00000000,
      0.00000000,
      1.00000000
    ]
  ]
}
