{
  "image_width": 1920,
  "image_height": 1200,
  "key": "right",
  "info": "right side of image",
  "intrinsic_matrix": [
    [
      1029.2795655594014,
      0.0,
      982.0311857478633
    ],
    [
      0.0,
      1122.2781391971948,
      1129.1480997238505
    ],
    [
      0.0,
      0.0,
      1.0
    ]
  ],
  "optimal_intrinsic_camera_matrix": [
    [
      1315.158203125,
      0.0,
      962.7348338975571
    ],
    [
      0.0,
      1362.7757568359375,
      580.6482296623581
    ],
    [
      0.0,
      0.0,
      1.0
    ]
  ],
  "dist_coefficients": [
    -0.17018194636847647,
    0.12138270789030073,
    -0.00011663550730431874,
    -0.0023506235533554587,
    -0.030445936493878178
  ],
  "rotation_matrix": [
    [
      0.8924758822566284,
      0.45096261644035174,
      -0.01093243630327495
    ],
    [
      0.29913535165414396,
      -0.6097951995429897,
      -0.7339399539506467
    ],
    [
      -0.3376460291207414,
      0.6517534297474759,
      -0.679126369559744
    ]
  ],
  "translation_matrix": [
    14.921784677055939,
    13.668310799382738,
    -5.630430017833277
  ],
  "projection_matrix": [
    [
      587.0282580208467,
      1104.2087993634066,
      -678.1758072601377,
      9829.430183087894
    ],
    [
      -45.53930633847783,
      51.56632485337586,
      -1590.519015462949,
      8982.057054635612
    ],
    [
      -0.3376460291207414,
      0.6517534297474759,
      -0.679126369559744,
      -5.630430017833277
    ]
  ],
  "relative_vanishing_point": 0.5,
  "projection_from_s110_lidar_ouster_south": [
    [
      1546.63215008,
      -436.92407115,
      -295.58362676,
      1319.79271737
    ],
    [
      93.20805656,
      47.90351592,
      -1482.13403199,
      687.84781276
    ],
    [
      0.73326062,
      0.59708904,
      -0.32528854,
      -1.30114325
    ]
  ],
  "projection_from_s110_lidar_ouster_north": [
    [
      1318.95273325,
      -859.15213894,
      -289.13390611,
      11272.03223502
    ],
    [
      90.01799314,
      -2.9727517,
      -1445.63809767,
      585.78988153
    ],
    [
      0.876766,
      0.344395,
      -0.335669,
      -7.26891
    ]
  ]
}
