{
  "image_width": 1920,
  "image_height": 1200,
  "intrinsic_matrix": [
    [
      1400.3096617691212,
      0.0,
      967.7899705163408
    ],
    [
      0.0,
      1403.041082755918,
      581.7195041357244
    ],
    [
      0.0,
      0.0,
      1.0
    ]
  ],
  "optimal_intrinsic_camera_matrix": [
    [
      1343.98,
      0,
      967.525
    ],
    [
      0,
      1256.37,
      459.888
    ],
    [
      0,
      0,
      1
    ]
  ],
  "dist_coefficients": [
    -0.17018194636847647,
    0.12138270789030073,
    -0.00011663550730431874,
    -0.0023506235533554587,
    -0.030445936493878178
  ],
  "rotation_matrix": [
    [
      -0.46632321,
      0.88461122,
      -0.00237679
    ],
    [
      0.26285323,
      0.14112766,
      0.95445857
    ],
    [
      0.84466019,
      0.44446144,
      -0.29833402
    ]
  ],
  "translation_matrix": [
    -625.831,
    407.12,
    -755.523
  ],
  "projection_matrix": [],
  "relative_vanishing_point": 0.5,
  "projection_from_s110_lidar_ouster_south": [
    [
      7.04216073e02,
      -1.37317442e03,
      -4.32235765e02,
      -2.03369364e04
    ],
    [
      -9.28351327e01,
      -1.77543929e01,
      -1.45629177e03,
      9.80290034e02
    ],
    [
      8.71736000e-01,
      -9.03453000e-02,
      -4.81574000e-01,
      -2.58546000e00
    ]
  ],
  "projection_from_s110_lidar_ouster_north": []
}