{
  "projection_matrix_into_s110_camera_basler_south1_8mm": [
    [
      7.04216073e02,
      -1.37317442e03,
      -4.32235765e02,
      -2.03369364e04
    ],
    [
      -9.28351327e01,
      -1.77543929e01,
      -1.45629177e03,
      9.80290034e02
    ],
    [
      8.71736000e-01,
      -9.03453000e-02,
      -4.81574000e-01,
      -2.58546000e00
    ]
  ],
  "projection_matrix_into_s110_camera_basler_south2_8mm": [
    [
      1546.63215008,
      -436.92407115,
      -295.58362676,
      1319.79271737
    ],
    [
      93.20805656,
      47.90351592,
      -1482.13403199,
      687.84781276
    ],
    [
      0.73326062,
      0.59708904,
      -0.32528854,
      -1.30114325
    ]
  ],
  "transformation_matrix_into_s110_base": [
    [
      0.21479485,
      -0.9761028,
      0.03296187,
      -15.87257873
    ],
    [
      0.97627128,
      0.21553835,
      0.02091894,
      2.30019086
    ],
    [
      -0.02752358,
      0.02768645,
      0.99923767,
      7.48077521
    ],
    [
      0.00000000,
      0.00000000,
      0.00000000,
      1.00000000
    ]
  ]
}
