{
  "image_width": 1920,
  "image_height": 1200,
  "key": "right",
  "info": "right side of image",
  "intrinsic_matrix": [
    [
      1400.3096617691212,
      0.0,
      967.7899705163408
    ],
    [
      0.0,
      1403.041082755918,
      581.7195041357244
    ],
    [
      0.0,
      0.0,
      1.0
    ]
  ],
  "optimal_intrinsic_camera_matrix": [
    [
      1315.158203125,
      0.0,
      962.7348338975571
    ],
    [
      0.0,
      1362.7757568359375,
      580.6482296623581
    ],
    [
      0.0,
      0.0,
      1.0
    ]
  ],
   "dist_coefficients": [
    -0.17018194636847647,
    0.12138270789030073,
    -0.00011663550730431874,
    -0.0023506235533554587,
    -0.030445936493878178
  ],
  "rotation_matrix": [
    [
      0.9530205584452789,
      -0.3026130702071279,
      0.013309580025851253
    ],
    [
      -0.1291778833442192,
      -0.4457786636335154,
      -0.8857733668968741
    ],
    [
      0.27397972486181504,
      0.842440925400074,
      -0.4639271468406554
    ]
  ],
  "translation_matrix": [
    1.7732651490941862,
    7.609039571774588,
    4.047780978836272
  ],
  "projection_matrix": [
    [
      1599.6787257016188,
      391.55387236603775,
      -430.34650625835917,
      6400.522155319611
    ],
    [
      -21.862527625533737,
      -135.38146150648188,
      -1512.651893582593,
      13030.4682633739
    ],
    [
      0.27397972486181504,
      0.842440925400074,
      -0.4639271468406554,
      4.047780978836272
    ]
  ],
  "relative_vanishing_point": 0.5,
  "projection_from_s110_lidar_ouster_south": [
    [
      7.04216073e02,
      -1.37317442e03,
      -4.32235765e02,
      -2.03369364e04
    ],
    [
      -9.28351327e01,
      -1.77543929e01,
      -1.45629177e03,
      9.80290034e02
    ],
    [
      8.71736000e-01,
      -9.03453000e-02,
      -4.81574000e-01,
      -2.58546000e00
    ]
  ],
  "projection_from_s110_lidar_ouster_north": [
    [
      290.06440167,
      -1522.65885503,
      -417.08293461,
      -398.03125035
    ],
    [
      -88.96283956,
      6.86258619,
      -1451.78013497,
      454.22071755
    ],
    [
      0.81846385,
      -0.32818492,
      -0.47160557,
      -0.18257704
    ]
  ]
}
